Workbook

Sheet 最終決策
A1: Phase 9 最終決策：專案各項目去留
A2: 目標：在輸入影片本身長度的時間內，取得最好的辨識輸出結果。依據：finaltest/ 2 支真實影片（01.mkv 12.2分鐘、02.mp4 18.7分鐘）完整跑過 Channel1(4引擎)+Channel2+Channel3、denoise on 的真實測試結果，並與歷史 10 支影片真實驗收數據交叉比對。
A4: 建議最終管線 | B4: Phase1擷取 → Phase2前處理(denoise OFF) → Phase3 OCR → Channel1(Komoran) → CSV/Anki匯出
A5: 預期平均時間預算比 | B5: =AVERAGE(Denoise開關評估!I17:I18) -> 0.462654 | C5: (< 100% 代表處理時間快於影片本身長度，數字愈小代表餘裕愈大)
A7: 項目 | B7: 決定 | C7: 關鍵數據（連結其他分頁，可隨資料更新自動變化） | D7: 理由
A8: Channel1 子引擎 | B8: 保留 Komoran，其餘3引擎(Okt/Kkma/Mecab)不進最終版 | C8: ="本次加權命中率 "&TEXT(通道比較!D6,"0.0%")&"（歷史10支影片："&TEXT(通道比較!E6,"0.0%")&"）；效率分數 "&TEXT(通道比較!I6,"0.00")&"（4引擎中最高）" -> 本次加權命中率 86.4%（歷史10支影片：86.5%）；效率分數 1.29（4引擎中最高） | D8: Komoran 在「歷史10支影片」與「本次2支影片」共3個獨立樣本中，字典命中率與效率分數皆排名第一；4引擎間耗時差異對總管線時間佔比影響<2%，可忽略。Okt 因不拆語幹/語尾，命中率在3個樣本中皆最低。
A9: Channel2（純LLM） | B9: 不納入最終版（問題可修復，供未來參考） | C9: ="2/2次真實測試皆失敗；02.mp4崩潰前已耗時"&TEXT(Channel2與Channel3成本效益!C6,"0")&"秒，超過影片本身"&TEXT(Channel2與Channel3成本效益!B6,"0")&"秒的長度" -> 2/2次真實測試皆失敗；02.mp4崩潰前已耗時1387秒，超過影片本身1123秒的長度 | D9: 根本原因：Ollama 60秒逾時例外(ReadTimeout)未被攔截，導致整個Channel2階段直接崩潰、0筆輸出，而非優雅跳過該句。此為可修復的工程問題（加長timeout+補例外處理），但以目前實測結果不符合最終版可靠度門檻，故不納入。
A10: Channel3（字典+LLM fallback） | B10: 不納入最終版 | C10: ="fallback成功率僅"&TEXT(Channel2與Channel3成本效益!D20,"0.0%")&"／"&TEXT(Channel2與Channel3成本效益!D21,"0.0%")&"（歷史10支影片1.7%），命中率"&TEXT(Channel2與Channel3成本效益!H20,"0.0%")&"／"&TEXT(Channel2與Channel3成本效益!H21,"0.0%")&" 皆低於Komoran" -> fallback成功率僅1.6%／2.6%（歷史10支影片1.7%），命中率79.2%／83.0% 皆低於Komoran | D10: LLM fallback 耗時占Channel3自身耗時85-87%，但成功率僅1.6-2.6%（與歷史10支影片1.7%一致）。命中率在兩支影片中皆未超過直接使用 Channel1-Komoran，等於「多花時間、效果更差」，無任何真實樣本支持保留。
A11: Denoise（去雜訊） | B11: 預設關閉（OFF） | C11: =Denoise開關評估!B26 -> 否，未達門檻，建議 denoise off | D11: 直接套用使用者於Phase2訂下的決策規則（品質提升需≥15%才維持開啟）。歷史實測品質差異僅約2%且方向不一致，遠低於門檻；關閉可讓時間預算比從平均約0.67降至約0.46，大幅增加「在影片長度時間內完成」的餘裕。
A13: 備註：Anki/CSV 匯出（Phase 8）使用者已於2026-07-27確認結構與內容皆正確，不在本次去留決策範圍內，維持現狀。Channel2、Channel3 的程式碼與測試維持在專案中（不刪除），僅是「最終產品預設不啟用」，未來若修復Channel2逾時問題或找到更好的fallback策略，仍可重新評估。

Sheet 原始數據
A1: Phase 9 最終測試：原始數據（100% 來自 finaltest/ 真實 job 執行結果）
A2: 資料來源：finaltest/01_status.json、02_status.json、0X_result/stats/*_report.csv、0X_result/frames/manifest.csv（皆為使用者本機真實 GPU + Ollama 執行結果，非模擬）
A4: 影片 | B4: 影片時長(秒) | C4: 影格數 | D4: 通道 | E4: Phase1擷取(秒) | F4: Phase2前處理denoise_on(秒) | G4: Phase3 OCR(秒) | H4: 共用耗時(秒) | I4: 通道自身耗時(秒) | J4: 總管線耗時(秒) | K4: 時間預算比(總耗時/影片時長) | L4: 詞彙數 | M4: 字典命中數 | N4: 字典命中率 | O4: LLM呼叫次數 | P4: fallback成功 | Q4: fallback失敗 | R4: 備註
A5: 01.mkv | B5: 730.248 | C5: 731 | D5: Channel1-Okt | E5: 30.15 | F5: 145.36 | G5: 280.13 | H5: 455.7 | I5: 9.23 | J5: =H5+I5 -> 464.93 | K5: =J5/B5 -> 0.63667412 | L5: 740 | M5: 539 | N5: =M5/L5 -> 0.72837838 | O5: 0 | P5: 0 | Q5: 0
A6: 01.mkv | B6: 730.248 | C6: 731 | D6: Channel1-Komoran | E6: 30.15 | F6: 145.36 | G6: 280.13 | H6: 455.7 | I6: 12.18 | J6: =H6+I6 -> 467.88 | K6: =J6/B6 -> 0.64071384 | L6: 942 | M6: 758 | N6: =M6/L6 -> 0.80467091 | O6: 0 | P6: 0 | Q6: 0
A7: 01.mkv | B7: 730.248 | C7: 731 | D7: Channel1-Kkma | E7: 30.15 | F7: 145.36 | G7: 280.13 | H7: 455.7 | I7: 14.81 | J7: =H7+I7 -> 470.51 | K7: =J7/B7 -> 0.64431536 | L7: 967 | M7: 776 | N7: =M7/L7 -> 0.8024819 | O7: 0 | P7: 0 | Q7: 0
A8: 01.mkv | B8: 730.248 | C8: 731 | D8: Channel1-Mecab | E8: 30.15 | F8: 145.36 | G8: 280.13 | H8: 455.7 | I8: 8.48 | J8: =H8+I8 -> 464.18 | K8: =J8/B8 -> 0.63564707 | L8: 865 | M8: 682 | N8: =M8/L8 -> 0.78843931 | O8: 0 | P8: 0 | Q8: 0
A9: 01.mkv | B9: 730.248 | C9: 731 | D9: Channel3 | E9: 30.15 | F9: 145.36 | G9: 280.13 | H9: 455.7 | I9: 69.24 | J9: =H9+I9 -> 524.94 | K9: =J9/B9 -> 0.71885168 | L9: 865 | M9: 685 | N9: =M9/L9 -> 0.79190751 | O9: 183 | P9: 3 | Q9: 180
A10: 01.mkv | B10: 730.248 | C10: 731 | D10: channel2 | E10: 30.15 | F10: 145.36 | G10: 280.13 | H10: 455.7 | I10: 311.5 | J10: =H10+I10 -> 767.2 | K10: =J10/B10 -> 1.050602 | L10: N/A | M10: N/A | N10: N/A | O10: N/A | P10: N/A | Q10: N/A | R10: 執行失敗：ReadTimeout: HTTPConnectionPool(host='localhost', port=11434): Read timed out. (read timeout=60.0)
A11: 02.mp4 | B11: 1122.981 | C11: 1122 | D11: Channel1-Okt | E11: 91.03 | F11: 278.97 | G11: 370.66 | H11: 740.66 | I11: 22.69 | J11: =H11+I11 -> 763.35 | K11: =J11/B11 -> 0.67975326 | L11: 2689 | M11: 2070 | N11: =M11/L11 -> 0.7698029 | O11: 0 | P11: 0 | Q11: 0
A12: 02.mp4 | B12: 1122.981 | C12: 1122 | D12: Channel1-Komoran | E12: 91.03 | F12: 278.97 | G12: 370.66 | H12: 740.66 | I12: 38.44 | J12: =H12+I12 -> 779.1 | K12: =J12/B12 -> 0.69377843 | L12: 3356 | M12: 2955 | N12: =M12/L12 -> 0.88051251 | O12: 0 | P12: 0 | Q12: 0
A13: 02.mp4 | B13: 1122.981 | C13: 1122 | D13: Channel1-Kkma | E13: 91.03 | F13: 278.97 | G13: 370.66 | H13: 740.66 | I13: 38.69 | J13: =H13+I13 -> 779.35 | K13: =J13/B13 -> 0.69400106 | L13: 3405 | M13: 2920 | N13: =M13/L13 -> 0.85756241 | O13: 0 | P13: 0 | Q13: 0
A14: 02.mp4 | B14: 1122.981 | C14: 1122 | D14: Channel1-Mecab | E14: 91.03 | F14: 278.97 | G14: 370.66 | H14: 740.66 | I14: 30.73 | J14: =H14+I14 -> 771.39 | K14: =J14/B14 -> 0.68691278 | L14: 3113 | M14: 2570 | N14: =M14/L14 -> 0.82557019 | O14: 0 | P14: 0 | Q14: 0
A15: 02.mp4 | B15: 1122.981 | C15: 1122 | D15: Channel3 | E15: 91.03 | F15: 278.97 | G15: 370.66 | H15: 740.66 | I15: 218.67 | J15: =H15+I15 -> 959.33 | K15: =J15/B15 -> 0.85427091 | L15: 3113 | M15: 2584 | N15: =M15/L15 -> 0.83006746 | O15: 543 | P15: 14 | Q15: 529
A16: 02.mp4 | B16: 1122.981 | C16: 1122 | D16: channel2 | E16: 91.03 | F16: 278.97 | G16: 370.66 | H16: 740.66 | I16: 1387.09 | J16: =H16+I16 -> 2127.75 | K16: =J16/B16 -> 1.8947337 | L16: N/A | M16: N/A | N16: N/A | O16: N/A | P16: N/A | Q16: N/A | R16: 執行失敗：ReadTimeout: HTTPConnectionPool(host='localhost', port=11434): Read timed out. (read timeout=60.0)

Sheet 通道比較
A1: Channel 1（4子引擎）與 Channel 3 比較：字典命中率 vs 時間預算比
A2: 時間預算比 = 該通道總管線耗時 ÷ 影片本身時長；<1.0 代表處理速度快於影片播放時間（符合「在影片長度時間內」目標）
A4: 通道 | B4: 01.mkv 命中率 | C4: 02.mp4 命中率 | D4: 加權平均命中率(本次2支) | E4: 歷史10支影片加權命中率 | F4: 01.mkv 時間預算比 | G4: 02.mp4 時間預算比 | H4: 平均時間預算比 | I4: 效率分數(命中率÷時間預算比)
A5: Channel1-Okt | B5: =SUMIFS(原始數據!$M$5:$M$16,原始數據!$A$5:$A$16,"01.mkv",原始數據!$D$5:$D$16,$A5)/SUMIFS(原始數據!$L$5:$L$16,原始數據!$A$5:$A$16,"01.mkv",原始數據!$D$5:$D$16,$A5) -> 0.72837838 | C5: =SUMIFS(原始數據!$M$5:$M$16,原始數據!$A$5:$A$16,"02.mp4",原始數據!$D$5:$D$16,$A5)/SUMIFS(原始數據!$L$5:$L$16,原始數據!$A$5:$A$16,"02.mp4",原始數據!$D$5:$D$16,$A5) -> 0.7698029 | D5: =SUMIFS(原始數據!$M$5:$M$16,原始數據!$D$5:$D$16,$A5)/SUMIFS(原始數據!$L$5:$L$16,原始數據!$D$5:$D$16,$A5) -> 0.76086323 | E5: 0.815 | F5: =SUMIFS(原始數據!$K$5:$K$16,原始數據!$A$5:$A$16,"01.mkv",原始數據!$D$5:$D$16,$A5) -> 0.63667412 | G5: =SUMIFS(原始數據!$K$5:$K$16,原始數據!$A$5:$A$16,"02.mp4",原始數據!$D$5:$D$16,$A5) -> 0.67975326 | H5: =AVERAGE(F5:G5) -> 0.65821369 | I5: =D5/H5 -> 1.1559517
A6: Channel1-Komoran | B6: =SUMIFS(原始數據!$M$5:$M$16,原始數據!$A$5:$A$16,"01.mkv",原始數據!$D$5:$D$16,$A6)/SUMIFS(原始數據!$L$5:$L$16,原始數據!$A$5:$A$16,"01.mkv",原始數據!$D$5:$D$16,$A6) -> 0.80467091 | C6: =SUMIFS(原始數據!$M$5:$M$16,原始數據!$A$5:$A$16,"02.mp4",原始數據!$D$5:$D$16,$A6)/SUMIFS(原始數據!$L$5:$L$16,原始數據!$A$5:$A$16,"02.mp4",原始數據!$D$5:$D$16,$A6) -> 0.88051251 | D6: =SUMIFS(原始數據!$M$5:$M$16,原始數據!$D$5:$D$16,$A6)/SUMIFS(原始數據!$L$5:$L$16,原始數據!$D$5:$D$16,$A6) -> 0.86389018 | E6: 0.865 | F6: =SUMIFS(原始數據!$K$5:$K$16,原始數據!$A$5:$A$16,"01.mkv",原始數據!$D$5:$D$16,$A6) -> 0.64071384 | G6: =SUMIFS(原始數據!$K$5:$K$16,原始數據!$A$5:$A$16,"02.mp4",原始數據!$D$5:$D$16,$A6) -> 0.69377843 | H6: =AVERAGE(F6:G6) -> 0.66724614 | I6: =D6/H6 -> 1.2947099
A7: Channel1-Kkma | B7: =SUMIFS(原始數據!$M$5:$M$16,原始數據!$A$5:$A$16,"01.mkv",原始數據!$D$5:$D$16,$A7)/SUMIFS(原始數據!$L$5:$L$16,原始數據!$A$5:$A$16,"01.mkv",原始數據!$D$5:$D$16,$A7) -> 0.8024819 | C7: =SUMIFS(原始數據!$M$5:$M$16,原始數據!$A$5:$A$16,"02.mp4",原始數據!$D$5:$D$16,$A7)/SUMIFS(原始數據!$L$5:$L$16,原始數據!$A$5:$A$16,"02.mp4",原始數據!$D$5:$D$16,$A7) -> 0.85756241 | D7: =SUMIFS(原始數據!$M$5:$M$16,原始數據!$D$5:$D$16,$A7)/SUMIFS(原始數據!$L$5:$L$16,原始數據!$D$5:$D$16,$A7) -> 0.84537969 | E7: 0.847 | F7: =SUMIFS(原始數據!$K$5:$K$16,原始數據!$A$5:$A$16,"01.mkv",原始數據!$D$5:$D$16,$A7) -> 0.64431536 | G7: =SUMIFS(原始數據!$K$5:$K$16,原始數據!$A$5:$A$16,"02.mp4",原始數據!$D$5:$D$16,$A7) -> 0.69400106 | H7: =AVERAGE(F7:G7) -> 0.66915821 | I7: =D7/H7 -> 1.263348
A8: Channel1-Mecab | B8: =SUMIFS(原始數據!$M$5:$M$16,原始數據!$A$5:$A$16,"01.mkv",原始數據!$D$5:$D$16,$A8)/SUMIFS(原始數據!$L$5:$L$16,原始數據!$A$5:$A$16,"01.mkv",原始數據!$D$5:$D$16,$A8) -> 0.78843931 | C8: =SUMIFS(原始數據!$M$5:$M$16,原始數據!$A$5:$A$16,"02.mp4",原始數據!$D$5:$D$16,$A8)/SUMIFS(原始數據!$L$5:$L$16,原始數據!$A$5:$A$16,"02.mp4",原始數據!$D$5:$D$16,$A8) -> 0.82557019 | D8: =SUMIFS(原始數據!$M$5:$M$16,原始數據!$D$5:$D$16,$A8)/SUMIFS(原始數據!$L$5:$L$16,原始數據!$D$5:$D$16,$A8) -> 0.81749623 | E8: 0.852 | F8: =SUMIFS(原始數據!$K$5:$K$16,原始數據!$A$5:$A$16,"01.mkv",原始數據!$D$5:$D$16,$A8) -> 0.63564707 | G8: =SUMIFS(原始數據!$K$5:$K$16,原始數據!$A$5:$A$16,"02.mp4",原始數據!$D$5:$D$16,$A8) -> 0.68691278 | H8: =AVERAGE(F8:G8) -> 0.66127992 | I8: =D8/H8 -> 1.2362333
A9: Channel3 | B9: =SUMIFS(原始數據!$M$5:$M$16,原始數據!$A$5:$A$16,"01.mkv",原始數據!$D$5:$D$16,$A9)/SUMIFS(原始數據!$L$5:$L$16,原始數據!$A$5:$A$16,"01.mkv",原始數據!$D$5:$D$16,$A9) -> 0.79190751 | C9: =SUMIFS(原始數據!$M$5:$M$16,原始數據!$A$5:$A$16,"02.mp4",原始數據!$D$5:$D$16,$A9)/SUMIFS(原始數據!$L$5:$L$16,原始數據!$A$5:$A$16,"02.mp4",原始數據!$D$5:$D$16,$A9) -> 0.83006746 | D9: =SUMIFS(原始數據!$M$5:$M$16,原始數據!$D$5:$D$16,$A9)/SUMIFS(原始數據!$L$5:$L$16,原始數據!$D$5:$D$16,$A9) -> 0.82176973 | E9: N/A（見Sheet3） | F9: =SUMIFS(原始數據!$K$5:$K$16,原始數據!$A$5:$A$16,"01.mkv",原始數據!$D$5:$D$16,$A9) -> 0.71885168 | G9: =SUMIFS(原始數據!$K$5:$K$16,原始數據!$A$5:$A$16,"02.mp4",原始數據!$D$5:$D$16,$A9) -> 0.85427091 | H9: =AVERAGE(F9:G9) -> 0.78656129 | I9: =D9/H9 -> 1.0447625
A10: Channel2 | B10: 兩支影片皆執行失敗（Ollama ReadTimeout 崩潰，0 筆輸出），無命中率/時間預算比可比較，詳見「Channel2與Channel3成本效益」分頁

Sheet Channel2與Channel3成本效益
A1: Channel 2（純 LLM）與 Channel 3（字典＋LLM fallback）成本效益細節
A3: 一、Channel 2 可靠度（本次真實測試）
A4: 影片 | B4: 影片時長(秒) | C4: 崩潰前已耗時(秒) | D4: 耗時/影片時長 | E4: 狀態 | F4: 錯誤訊息
A5: 01.mkv | B5: 730.248 | C5: 311.5 | D5: =C5/B5 -> 0.42656741 | E5: 失敗（0筆輸出） | F5: ReadTimeout: HTTPConnectionPool(host='localhost', port=11434): Read timed out. (read timeout=60.0)
A6: 02.mp4 | B6: 1122.981 | C6: 1387.09 | D6: =C6/B6 -> 1.2351856 | E6: 失敗（0筆輸出） | F6: ReadTimeout: HTTPConnectionPool(host='localhost', port=11434): Read timed out. (read timeout=60.0)
A8: 根本原因（見 PROJECT_NOTES.md 第 18 節脈絡與 scripts/run_channel2.py）：OllamaClient.generate() 的 60 秒逾時屬於 requests.exceptions.RequestException，run_channel2.py 未攔截此例外，導致單一句字幕逾時就讓整個 Channel 2階段直接崩潰，而非跳過該句繼續處理。02.mp4 崩潰前已耗時 1387.09 秒，已超過影片本身 1122.98 秒的長度——同時違反「時間預算內」與「產出可用結果」兩項標準。屬於可修復的工程問題（加長 timeout + 補上例外處理改為跳過該句），但以目前實測結果而言不符合最終版可靠度門檻。
A13: 歷史對照（001.mkv，單支影片，2026-07-26，非本次測試）：
A14: 總耗時 3591.24 秒、2008 次呼叫（2001 成功解析／7 次解析失敗）、4401 個詞彙中 3011 個有翻譯（68.4%）。來源：PROJECT_NOTES.md §13.10。當時未遇到本次的逾時崩潰問題，顯示問題可能與影片長度/字幕數量增加後累積的呼叫次數與伺服器負載有關。
A18: 二、Channel 3 LLM fallback 成本效益（本次真實測試）
A19: 影片 | B19: fallback呼叫次數 | C19: 成功次數 | D19: 成功率 | E19: fallback耗時(秒) | F19: Channel3總耗時(秒) | G19: fallback佔比 | H19: Channel3命中率 | I19: Channel1-Mecab命中率(基準) | J19: 淨貢獻(命中率差) | K19: Channel1-Komoran命中率(比較對象)
A20: 01.mkv | B20: =SUMIFS(原始數據!$P$5:$P$16,原始數據!$A$5:$A$16,A20,原始數據!$D$5:$D$16,"Channel3")+SUMIFS(原始數據!$Q$5:$Q$16,原始數據!$A$5:$A$16,A20,原始數據!$D$5:$D$16,"Channel3") -> 183 | C20: =SUMIFS(原始數據!$P$5:$P$16,原始數據!$A$5:$A$16,A20,原始數據!$D$5:$D$16,"Channel3") -> 3 | D20: =C20/B20 -> 0.016393443 | E20: 60.375588 | F20: =SUMIFS(原始數據!$I$5:$I$16,原始數據!$A$5:$A$16,A20,原始數據!$D$5:$D$16,"Channel3") -> 69.24 | G20: =E20/F20 -> 0.87197557 | H20: =SUMIFS(原始數據!$M$5:$M$16,原始數據!$A$5:$A$16,A20,原始數據!$D$5:$D$16,"Channel3")/SUMIFS(原始數據!$L$5:$L$16,原始數據!$A$5:$A$16,A20,原始數據!$D$5:$D$16,"Channel3") -> 0.79190751 | I20: =SUMIFS(原始數據!$M$5:$M$16,原始數據!$A$5:$A$16,A20,原始數據!$D$5:$D$16,"Channel1-Mecab")/SUMIFS(原始數據!$L$5:$L$16,原始數據!$A$5:$A$16,A20,原始數據!$D$5:$D$16,"Channel1-Mecab") -> 0.78843931 | J20: =H20-I20 -> 0.0034682081 | K20: =SUMIFS(原始數據!$M$5:$M$16,原始數據!$A$5:$A$16,A20,原始數據!$D$5:$D$16,"Channel1-Komoran")/SUMIFS(原始數據!$L$5:$L$16,原始數據!$A$5:$A$16,A20,原始數據!$D$5:$D$16,"Channel1-Komoran") -> 0.80467091
A21: 02.mp4 | B21: =SUMIFS(原始數據!$P$5:$P$16,原始數據!$A$5:$A$16,A21,原始數據!$D$5:$D$16,"Channel3")+SUMIFS(原始數據!$Q$5:$Q$16,原始數據!$A$5:$A$16,A21,原始數據!$D$5:$D$16,"Channel3") -> 543 | C21: =SUMIFS(原始數據!$P$5:$P$16,原始數據!$A$5:$A$16,A21,原始數據!$D$5:$D$16,"Channel3") -> 14 | D21: =C21/B21 -> 0.025782689 | E21: 186.26958 | F21: =SUMIFS(原始數據!$I$5:$I$16,原始數據!$A$5:$A$16,A21,原始數據!$D$5:$D$16,"Channel3") -> 218.67 | G21: =E21/F21 -> 0.8518296 | H21: =SUMIFS(原始數據!$M$5:$M$16,原始數據!$A$5:$A$16,A21,原始數據!$D$5:$D$16,"Channel3")/SUMIFS(原始數據!$L$5:$L$16,原始數據!$A$5:$A$16,A21,原始數據!$D$5:$D$16,"Channel3") -> 0.83006746 | I21: =SUMIFS(原始數據!$M$5:$M$16,原始數據!$A$5:$A$16,A21,原始數據!$D$5:$D$16,"Channel1-Mecab")/SUMIFS(原始數據!$L$5:$L$16,原始數據!$A$5:$A$16,A21,原始數據!$D$5:$D$16,"Channel1-Mecab") -> 0.82557019 | J21: =H21-I21 -> 0.0044972695 | K21: =SUMIFS(原始數據!$M$5:$M$16,原始數據!$A$5:$A$16,A21,原始數據!$D$5:$D$16,"Channel1-Komoran")/SUMIFS(原始數據!$L$5:$L$16,原始數據!$A$5:$A$16,A21,原始數據!$D$5:$D$16,"Channel1-Komoran") -> 0.88051251
A23: 歷史對照（10支真實影片，2026-07-26，非本次測試，來源：PROJECT_NOTES.md §13.12）：加總 2930 次 fallback 呼叫僅 50 次成功（1.7%），多花約 912 秒。與本次2支影片（1.64%、2.58%）方向一致：fallback 成功率始終偏低。

Sheet Denoise開關評估
A1: Denoise（去雜訊）開關最終評估
A2: 決策規則（使用者於 Phase 2 訂下，見 PROJECT_NOTES.md §8 第 3 點）：若去雜訊對辨識率的提升低於 15%，之後就預設關閉。
A4: 一、歷史真實測試（001.mkv，619 影格，2026-07-25，非本次測試，來源：PROJECT_NOTES.md §12）
A5: 項目 | B5: denoise_on | C5: denoise_off | D5: 差異
A6: 偵測數量（筆） | B6: 3326 | C6: 3347 | D6: =C6-B6 -> 21
A7: 平均信心分數 | B7: 0.87 | C7: 0.853 | D7: =C7-B7 -> -0.017
A8: 低信心(<0.5)比例 | B8: 0.0857 | C8: 0.0813 | D8: =C8-B8 -> -0.0044
A9: 605共同影格中額外偵測到文字的影格數 | B9: 77 | C9: 116 | D9: =C9-B9 -> 39
A10: Phase2前處理耗時(秒，619影格) | B10: 122.82 | C10: 11.85 | D10: =C10-B10 -> -110.97
A12: 結論（歷史數據）：品質差異僅約 2%（信心分數）、且方向不一致（denoise_off 反而在更多影格多抓到額外文字：116 vs 77），代表 denoise 沒有穩定提升辨識細節。Phase2 前處理耗時則相差 10.4 倍（122.82s vs 11.85s / 619 影格）。
A15: 二、本次 2 支影片：以歷史 denoise_off 每影格耗時外推估算（本次僅實測 denoise_on，off 為估算值，非直接測量）
A16: 影片 | B16: 影格數 | C16: denoise_on前處理耗時(秒，實測) | D16: denoise_off前處理耗時(秒，估算) | E16: 預估節省(秒) | F16: denoise_on總管線耗時(Komoran) | G16: denoise_off估算總管線耗時(Komoran) | H16: denoise_on時間預算比 | I16: denoise_off估算時間預算比
A17: 01.mkv | B17: =AVERAGEIFS(原始數據!$C$5:$C$16,原始數據!$A$5:$A$16,A17) -> 731 | C17: =AVERAGEIFS(原始數據!$F$5:$F$16,原始數據!$A$5:$A$16,A17) -> 145.36 | D17: =B17*(C10/619) -> 13.994103 | E17: =C17-D17 -> 131.3659 | F17: =SUMIFS(原始數據!$J$5:$J$16,原始數據!$A$5:$A$16,A17,原始數據!$D$5:$D$16,"Channel1-Komoran") -> 467.88 | G17: =F17-E17 -> 336.5141 | H17: =SUMIFS(原始數據!$K$5:$K$16,原始數據!$A$5:$A$16,A17,原始數據!$D$5:$D$16,"Channel1-Komoran") -> 0.64071384 | I17: =G17/AVERAGEIFS(原始數據!$B$5:$B$16,原始數據!$A$5:$A$16,A17) -> 0.46082167
A18: 02.mp4 | B18: =AVERAGEIFS(原始數據!$C$5:$C$16,原始數據!$A$5:$A$16,A18) -> 1122 | C18: =AVERAGEIFS(原始數據!$F$5:$F$16,原始數據!$A$5:$A$16,A18) -> 278.97 | D18: =B18*(C10/619) -> 21.479321 | E18: =C18-D18 -> 257.49068 | F18: =SUMIFS(原始數據!$J$5:$J$16,原始數據!$A$5:$A$16,A18,原始數據!$D$5:$D$16,"Channel1-Komoran") -> 779.1 | G18: =F18-E18 -> 521.60932 | H18: =SUMIFS(原始數據!$K$5:$K$16,原始數據!$A$5:$A$16,A18,原始數據!$D$5:$D$16,"Channel1-Komoran") -> 0.69377843 | I18: =G18/AVERAGEIFS(原始數據!$B$5:$B$16,原始數據!$A$5:$A$16,A18) -> 0.46448633
A20: 驗證：本次實測 01.mkv denoise_on 前處理為 145.36秒/731影格=0.1989秒/影格，02.mp4 為 278.97秒/1122影格=0.2487秒/影格，皆與歷史 001.mkv 的 0.1984秒/影格（denoise_on）量級一致，顯示外推估算方法合理（02.mp4 略高可能與畫面內容複雜度有關，fastNlMeansDenoising 耗時本身會受影像內容影響）。
A23: 三、決策
A24: 決策門檻(使用者訂定) | B24: 0.15
A25: 歷史實測品質提升幅度(信心分數差，即denoise_on比denoise_off多出的比例) | B25: =ABS(D7)/B7 -> 0.01954023
A26: 是否達到15%門檻 | B26: =IF(B25>=B24,"是，denoise on 有意義","否，未達門檻，建議 denoise off") -> 否，未達門檻，建議 denoise off
