Workbook

Sheet 最終決策
A1: Phase 9 最終決策：專案各項目去留
A2: 目標：在輸入影片本身長度的時間內，取得最好的辨識輸出結果。依據：finaltest/ 2 支真實影片（01.mkv 12.2分鐘、02.mp4 18.7分鐘）完整跑過 Channel1(4引擎)+Channel2+Channel3、denoise on 的真實測試結果，並與歷史 10 支真實影片驗收數據、Phase 3 denoise 真實 A/B 測試交叉比對；所有數字可在「原始數據」「Channel1四引擎比較」「Channel2與Channel3成本效益」「Denoise開關評估」分頁逐一追溯。
A4: ⚠ 注意：finaltest/ 資料夾內原本已有一份同名分析（Phase9_通道與denoise最終決策分析.xlsx，建立於 2026-08-15），其 Channel2/01.mkv 數據（聲稱耗時311.5秒後失敗）與本次真實 01_status.json（實際耗時544.31秒、成功完成）不符，研判為建立時間早於這次真實測試、資料過期或另有來源，本檔案內容完全不採用該檔案的任何數字，全部重新從 finaltest/ 底下的真實 status.json 與 stats/*.csv 讀取計算。
A6: 項目 | B6: 決定 | C6: 關鍵數據 | D6: 依據
A7: Denoise（去雜訊） | B7: 關閉（OFF） | C7: 辨識率提升僅約 2.0%（信心分數），遠低於自訂 15% 門檻；偵測數量/低信心比例/逐格文字集合等指標方向不一致；總處理時間反而多花 31.2%（001.mkv 真實A/B：357.5s vs 246.0s） | D7: Phase 3、001.mkv 619影格真實A/B測試（PROJECT_NOTES.md §12；見「Denoise開關評估」分頁）
A8: Channel 1 引擎 | B8: Komoran（單一預設引擎） | C8: 本次2支影片加權命中率 86.4%、歷史10支影片加權命中率 86.5%，兩組獨立真實資料皆排名第一；四引擎間耗時差異僅數秒，相對總管線耗時<3%，非決策關鍵因素 | D8: 本次真實測試 + PROJECT_NOTES.md §13.12（見「Channel1四引擎比較」分頁）
A9: Channel 3（字典+LLM fallback） | B9: 不建議設為預設 | C9: Fallback成功率僅1.1%～3.1%（本次）/1.7%（歷史10支影片）；換來的命中率增量僅+0.2～+0.6個百分點，耗時卻是Channel1-Mecab單獨執行的7～8倍 | D9: 本次真實測試 + PROJECT_NOTES.md §13.12（見「Channel2與Channel3成本效益」分頁）
A10: Channel 2（純LLM） | B10: 不建議設為預設；建議僅列為進階/選用模式，或視資源評估是否下線 | C10: 耗時/影片長度比達136%（01.mkv）與233%（02.mp4）；02.mp4實測逾30分鐘後Ollama直接timeout、0筆輸出；即使成功仍有37.8%翻譯留白、且無字典兜底 | D10: 本次真實測試 finaltest/02_status.json、finaltest/01_result/channel2/export.csv
A12: 建議最終管線 | B12: Phase1擷取 → Phase2前處理(denoise OFF) → Phase3 OCR → Phase4時序去重 → Channel1(Komoran) → CSV/Anki匯出
A14: 預期時間預算比 | B14: =AVERAGE(原始數據!J6,原始數據!J12) -> 0.67214317 | C14: ＊此為本次「denoise on」實測值（Komoran平均~67%）；denoise 關閉後 Phase2 成本大幅下降，實際比例會再更低，更加符合「影片長度時間內」目標。

Sheet 原始數據
A1: Phase 9 最終測試：原始數據
A2: 資料來源：finaltest/01_status.json、finaltest/02_status.json、finaltest/0X_result/stats/*_report.csv（皆為使用者本機真實 GPU + Ollama 執行結果，2026-08-29，非模擬/非估算）
A4: 影片 | B4: 影片時長(秒) | C4: 通道 | D4: Phase1擷取(秒) | E4: Phase2前處理 denoise_on(秒) | F4: GPU檢查(秒) | G4: Phase3 OCR(秒) | H4: 通道自身耗時(秒) | I4: 總管線耗時(秒) | J4: 時間預算比 (總耗時/影片時長) | K4: 詞彙數 | L4: 字典命中數 | M4: 字典命中率 | N4: LLM呼叫次數 | O4: Fallback成功 | P4: Fallback失敗 | Q4: Fallback耗時(秒) | R4: 狀態 | S4: 備註/來源
A5: 01.mkv | B5: 730.248 | C5: Channel1-Okt | D5: 29.69 | E5: 145.19 | F5: 0 | G5: 273.6 | H5: 6.02 | I5: =SUM(D5:H5) -> 454.5 | J5: =I5/B5 -> 0.6223913 | K5: 740 | L5: 539 | M5: =L5/K5 -> 0.72837838 | N5: 0 | O5: 0 | P5: 0 | R5: 完成 | S5: stats/channel1_okt_report.csv
A6: 01.mkv | B6: 730.248 | C6: Channel1-Komoran | D6: 29.69 | E6: 145.19 | F6: 0 | G6: 273.6 | H6: 12.22 | I6: =SUM(D6:H6) -> 460.7 | J6: =I6/B6 -> 0.63088156 | K6: 942 | L6: 758 | M6: =L6/K6 -> 0.80467091 | N6: 0 | O6: 0 | P6: 0 | R6: 完成 | S6: stats/channel1_komoran_report.csv
A7: 01.mkv | B7: 730.248 | C7: Channel1-Kkma | D7: 29.69 | E7: 145.19 | F7: 0 | G7: 273.6 | H7: 11.59 | I7: =SUM(D7:H7) -> 460.07 | J7: =I7/B7 -> 0.63001884 | K7: 967 | L7: 776 | M7: =L7/K7 -> 0.8024819 | N7: 0 | O7: 0 | P7: 0 | R7: 完成 | S7: stats/channel1_kkma_report.csv
A8: 01.mkv | B8: 730.248 | C8: Channel1-Mecab | D8: 29.69 | E8: 145.19 | F8: 0 | G8: 273.6 | H8: 8.87 | I8: =SUM(D8:H8) -> 457.35 | J8: =I8/B8 -> 0.62629408 | K8: 865 | L8: 682 | M8: =L8/K8 -> 0.78843931 | N8: 0 | O8: 0 | P8: 0 | R8: 完成 | S8: stats/channel1_mecab_report.csv
A9: 01.mkv | B9: 730.248 | C9: Channel2 | D9: 29.69 | E9: 145.19 | F9: 0 | G9: 273.6 | H9: 544.31 | I9: =SUM(D9:H9) -> 992.79 | J9: =I9/B9 -> 1.3595244 | K9: 679 | L9: 422 | M9: =L9/K9 -> 0.62150221 | N9: 156 | O9: 0 | P9: 0 | R9: 完成 | S9: stats/channel2_report.csv（dict_hit_count 對 Channel2 意義為「非空白翻譯數」，非字典比對）
A10: 01.mkv | B10: 730.248 | C10: Channel3 | D10: 29.69 | E10: 145.19 | F10: 0 | G10: 273.6 | H10: 70.25 | I10: =SUM(D10:H10) -> 518.73 | J10: =I10/B10 -> 0.71034772 | K10: 865 | L10: 684 | M10: =L10/K10 -> 0.79075145 | N10: 183 | O10: 2 | P10: 181 | Q10: 61.926 | R10: 完成 | S10: stats/channel3_report.csv
A11: 02.mp4 | B11: 1122.981 | C11: Channel1-Okt | D11: 92.57 | E11: 282.83 | F11: 0 | G11: 385.18 | H11: 22.52 | I11: =SUM(D11:H11) -> 783.1 | J11: =I11/B11 -> 0.69734038 | K11: 2689 | L11: 2070 | M11: =L11/K11 -> 0.7698029 | N11: 0 | O11: 0 | P11: 0 | R11: 完成 | S11: stats/channel1_okt_report.csv
A12: 02.mp4 | B12: 1122.981 | C12: Channel1-Komoran | D12: 92.57 | E12: 282.83 | F12: 0 | G12: 385.18 | H12: 40.56 | I12: =SUM(D12:H12) -> 801.14 | J12: =I12/B12 -> 0.71340477 | K12: 3356 | L12: 2955 | M12: =L12/K12 -> 0.88051251 | N12: 0 | O12: 0 | P12: 0 | R12: 完成 | S12: stats/channel1_komoran_report.csv
A13: 02.mp4 | B13: 1122.981 | C13: Channel1-Kkma | D13: 92.57 | E13: 282.83 | F13: 0 | G13: 385.18 | H13: 38.85 | I13: =SUM(D13:H13) -> 799.43 | J13: =I13/B13 -> 0.71188204 | K13: 3405 | L13: 2920 | M13: =L13/K13 -> 0.85756241 | N13: 0 | O13: 0 | P13: 0 | R13: 完成 | S13: stats/channel1_kkma_report.csv
A14: 02.mp4 | B14: 1122.981 | C14: Channel1-Mecab | D14: 92.57 | E14: 282.83 | F14: 0 | G14: 385.18 | H14: 31.4 | I14: =SUM(D14:H14) -> 791.98 | J14: =I14/B14 -> 0.70524791 | K14: 3113 | L14: 2570 | M14: =L14/K14 -> 0.82557019 | N14: 0 | O14: 0 | P14: 0 | R14: 完成 | S14: stats/channel1_mecab_report.csv
A15: 02.mp4 | B15: 1122.981 | C15: Channel2 | D15: 92.57 | E15: 282.83 | F15: 0 | G15: 385.18 | H15: 1851.69 | I15: =SUM(D15:H15) -> 2612.27 | J15: =I15/B15 -> 2.3261925 | K15: 0 | L15: 0 | R15: 失敗（0筆輸出） | S15: 02_status.json：ReadTimeout: HTTPConnectionPool(host='localhost', port=11434): Read timed out. (read timeout=60.0)
A16: 02.mp4 | B16: 1122.981 | C16: Channel3 | D16: 92.57 | E16: 282.83 | F16: 0 | G16: 385.18 | H16: 222.66 | I16: =SUM(D16:H16) -> 983.24 | J16: =I16/B16 -> 0.87556245 | K16: 3113 | L16: 2587 | M16: =L16/K16 -> 0.83103116 | N16: 543 | O16: 17 | P16: 526 | Q16: 189.369 | R16: 完成 | S16: stats/channel3_report.csv

Sheet Channel1四引擎比較
A1: Channel 1：四個子引擎比較（Okt／Komoran／Kkma／Mecab-ko）
A2: 字典命中率＝該引擎斷詞後，能在字典查到翻譯的詞彙比例；數字越高代表辨識輸出可用性越高。
A4: 引擎 | B4: 01.mkv 詞彙數 | C4: 01.mkv 命中數 | D4: 01.mkv 命中率 | E4: 02.mp4 詞彙數 | F4: 02.mp4 命中數 | G4: 02.mp4 命中率 | H4: 本次2支影片加權命中率 | I4: 歷史10支影片加權命中率 | J4: 平均時間預算比 | K4: 備註
A5: Okt | B5: =原始數據!K5 -> 740 | C5: =原始數據!L5 -> 539 | D5: =C5/B5 -> 0.72837838 | E5: =原始數據!K11 -> 2689 | F5: =原始數據!L11 -> 2070 | G5: =F5/E5 -> 0.7698029 | H5: =(C5+F5)/(B5+E5) -> 0.76086323 | I5: 0.815 | J5: =AVERAGE(原始數據!J5,原始數據!J11) -> 0.65986584
A6: Komoran | B6: =原始數據!K6 -> 942 | C6: =原始數據!L6 -> 758 | D6: =C6/B6 -> 0.80467091 | E6: =原始數據!K12 -> 3356 | F6: =原始數據!L12 -> 2955 | G6: =F6/E6 -> 0.88051251 | H6: =(C6+F6)/(B6+E6) -> 0.86389018 | I6: 0.865 | J6: =AVERAGE(原始數據!J6,原始數據!J12) -> 0.67214317
A7: Kkma | B7: =原始數據!K7 -> 967 | C7: =原始數據!L7 -> 776 | D7: =C7/B7 -> 0.8024819 | E7: =原始數據!K13 -> 3405 | F7: =原始數據!L13 -> 2920 | G7: =F7/E7 -> 0.85756241 | H7: =(C7+F7)/(B7+E7) -> 0.84537969 | I7: 0.847 | J7: =AVERAGE(原始數據!J7,原始數據!J13) -> 0.67095044
A8: Mecab | B8: =原始數據!K8 -> 865 | C8: =原始數據!L8 -> 682 | D8: =C8/B8 -> 0.78843931 | E8: =原始數據!K14 -> 3113 | F8: =原始數據!L14 -> 2570 | G8: =F8/E8 -> 0.82557019 | H8: =(C8+F8)/(B8+E8) -> 0.81749623 | I8: 0.852 | J8: =AVERAGE(原始數據!J8,原始數據!J14) -> 0.66577099
A10: 結論 | B10: Komoran 在「本次 2 支真實影片」與「歷史 10 支真實影片」兩組獨立資料中皆排名第一（86.4% / 86.5%），四引擎間耗時差異僅數秒（相對總管線耗時 <3%），可視為純粹的準確率決策：建議選 Komoran 作為 Channel 1 唯一預設引擎。

Sheet Channel2與Channel3成本效益
A1: Channel 2（純 LLM）與 Channel 3（字典＋LLM fallback）成本效益
A3: 一、Channel 2 可靠度與時間預算（本次真實測試）
A4: 影片 | B4: 影片時長(秒) | C4: Channel2 自身耗時(秒) | D4: 含共用階段之總管線耗時(秒) | E4: 總管線耗時/影片時長 (與其他分頁「時間預算比」定義一致) | F4: 狀態 | G4: 錯誤訊息
A5: =原始數據!A9 -> 01.mkv | B5: =原始數據!B9 -> 730.248 | C5: =原始數據!H9 -> 544.31 | D5: =原始數據!I9 -> 992.79 | E5: =原始數據!J9 -> 1.3595244 | F5: =原始數據!R9 -> 完成 | G5: =原始數據!S9 -> stats/channel2_report.csv（dict_hit_count 對 Channel2 意義為「非空白翻譯數」，非字典比對）
A6: =原始數據!A15 -> 02.mp4 | B6: =原始數據!B15 -> 1122.981 | C6: =原始數據!H15 -> 1851.69 | D6: =原始數據!I15 -> 2612.27 | E6: =原始數據!J15 -> 2.3261925 | F6: =原始數據!R15 -> 失敗（0筆輸出） | G6: =原始數據!S15 -> 02_status.json：ReadTimeout: HTTPConnectionPool(host='localhost', port=11434): Read timed out. (read timeout=60.0)
A7: Channel2 翻譯完整度抽樣（01.mkv，唯一成功樣本）
A8: 總詞數 679，空白翻譯 257（37.8%）；抽樣非空白翻譯內容正常無亂碼；來源：finaltest/01_result/channel2/export.csv 直接讀取統計
A10: 二、Channel 3（Mecab 斷詞＋字典＋LLM fallback）vs Channel 1-Mecab 單獨：多花的時間換到多少準確率？
A11: 影片 | B11: Mecab單獨命中率 | C11: Channel3命中率 | D11: 命中率增量(pp) | E11: Fallback呼叫次數 | F11: Fallback成功數 | G11: Fallback成功率 | H11: Fallback耗時(秒) | I11: Channel3自身耗時(秒) | J11: Mecab自身耗時(秒) | K11: 耗時倍數(Channel3/Mecab)
A12: =原始數據!A8 -> 01.mkv | B12: =原始數據!M8 -> 0.78843931 | C12: =原始數據!M10 -> 0.79075145 | D12: =(C12-B12)*100 -> 0.23121387 | E12: =原始數據!N10 -> 183 | F12: =原始數據!O10 -> 2 | G12: =F12/E12 -> 0.010928962 | H12: =原始數據!Q10 -> 61.926 | I12: =原始數據!H10 -> 70.25 | J12: =原始數據!H8 -> 8.87 | K12: =I12/J12 -> 7.9199549
A13: =原始數據!A14 -> 02.mp4 | B13: =原始數據!M14 -> 0.82557019 | C13: =原始數據!M16 -> 0.83103116 | D13: =(C13-B13)*100 -> 0.54609701 | E13: =原始數據!N16 -> 543 | F13: =原始數據!O16 -> 17 | G13: =F13/E13 -> 0.031307551 | H13: =原始數據!Q16 -> 189.369 | I13: =原始數據!H16 -> 222.66 | J13: =原始數據!H14 -> 31.4 | K13: =I13/J13 -> 7.0910828
A15: 歷史10支影片參考（PROJECT_NOTES.md §13.12）
A16: Fallback總呼叫次數 | B16: 2930
A17: Fallback成功數 | B17: 50
A18: 成功率 | B18: =B17/B16 -> 0.017064846
A19: 10支影片加總多花時間(秒) | B19: 912
A21: 結論
A22: Channel 2：本次測試耗時/影片長度比達 136%（01.mkv）與 233%（02.mp4，且 02.mp4 逾 30 分鐘後直接 timeout 失敗、0 筆輸出），完全不符合「在影片長度時間內」的目標，且無字典兜底機制。Channel 3：fallback 成功率僅 1.1%～3.1%（本次）／1.7%（歷史10支影片），換來的字典命中率增量僅 +0.2～+0.6 個百分點，但耗時卻是 Channel1-Mecab 單獨執行的 7～8 倍。兩者皆不建議設為預設管線。
A25: 通道 | B25: 01.mkv 時間預算比 | C25: 02.mp4 時間預算比
A26: Channel1-Okt | B26: =原始數據!J5 -> 0.6223913 | C26: =原始數據!J11 -> 0.69734038
A27: Channel1-Komoran | B27: =原始數據!J6 -> 0.63088156 | C27: =原始數據!J12 -> 0.71340477
A28: Channel1-Kkma | B28: =原始數據!J7 -> 0.63001884 | C28: =原始數據!J13 -> 0.71188204
A29: Channel1-Mecab | B29: =原始數據!J8 -> 0.62629408 | C29: =原始數據!J14 -> 0.70524791
A30: Channel2 | B30: =原始數據!J9 -> 1.3595244 | C30: =原始數據!J15 -> 2.3261925
A31: Channel3 | B31: =原始數據!J10 -> 0.71034772 | C31: =原始數據!J16 -> 0.87556245

Sheet Denoise開關評估
A1: Denoise（去雜訊）開關最終評估
A2: 決策規則（使用者於 Phase 2 訂下，PROJECT_NOTES.md §8 第 3 點）：若去雜訊對辨識率的提升低於 15%，之後就預設關閉。
A4: 一、真實 A/B 測試依據（001.mkv，619 影格，2026-07-25，真實 GPU，PROJECT_NOTES.md §12）
A5: 項目 | B5: denoise_on | C5: denoise_off | D5: 差異 | E5: 說明
A6: 偵測數量 | B6: 3326 | C6: 3347 | D6: =(C6-B6)/B6 -> 0.0063138906 | E6: off 多偵測到 0.6%
A7: 平均信心分數 | B7: 0.87 | C7: 0.853 | D7: =(B7-C7)/C7 -> 0.01992966 | E7: on 只比 off 高 2.0%，遠低於 15% 門檻
A8: 低信心(<0.5)比例 | B8: 0.0857 | C8: 0.0813 | D8: =B8-C8 -> 0.0044 | E8: off 反而略低（更好）
A9: Phase1 擷取(秒，共用) | B9: 27.85 | C9: 27.85 | D9: =B9-C9 -> 0 | E9: 兩版本共用，無差異
A10: Phase2 前處理(秒) | B10: 122.82 | C10: 11.85 | D10: =B10/C10 -> 10.364557 | E10: on 是 off 的倍數
A11: Phase3 OCR(秒) | B11: 206.83 | C11: 206.32 | D11: =(B11-C11)/C11 -> 0.0024718883 | E11: 幾乎相同，OCR本身不受前處理影響
A12: 總時間 P1+P2+P3(秒) | B12: 357.5 | C12: 246.02 | D12: =(B12-C12)/B12 -> 0.31183217 | E12: off 整體快 31.2%
A14: 逐影格文字集合完全相同比例（605個共同影格） | B14: 0.182
A15: denoise_off 額外抓到文字的影格數 | B15: 116
A16: denoise_on 額外抓到文字的影格數 | B16: 77
A17: → off 反而比 on 多抓到額外文字的影格更多，方向不一致，denoise 未穩定提升辨識細節
A19: 二、本次最終測試（denoise on）：Phase2 佔總管線耗時比例佐證
A20: 影片 | B20: Phase2耗時(秒) | C20: 共用階段總耗時(秒) | D20: Phase2佔比
A21: =原始數據!A5 -> 01.mkv | B21: =原始數據!E5 -> 145.19 | C21: =原始數據!D5+原始數據!E5+原始數據!F5+原始數據!G5 -> 448.48 | D21: =B21/C21 -> 0.32373796
A22: =原始數據!A11 -> 02.mp4 | B22: =原始數據!E11 -> 282.83 | C22: =原始數據!D11+原始數據!E11+原始數據!F11+原始數據!G11 -> 760.58 | D22: =B22/C22 -> 0.37186095
A24: 結論
A25: denoise 對辨識率的實測提升僅約 2.0%（信心分數 proxy），且偵測數量、低信心比例、逐影格文字集合等多項指標方向並不一致支持「on 較好」，遠低於使用者自訂的 15% 門檻；反而總處理時間因此多花 31.2%。本次最終測試中 Phase2 也佔了共用階段耗時的 32%～37%。綜合真實 A/B 數據與門檻規則：建議 denoise 預設關閉。
